{
    "приложение": 40,
    "договору": 57,
    "выполнение": 4,
    "работ": 38,
    "уборке": 3,
    "сельскохозяйственных": 2,
    "культур": 2,
    "августа": 25,
    "года": 105,
    "акт": 156,
    "выполненных": 4,
    "урожая": 1,
    "г": 220,
    "краснодар": 7,
    "юпитер": 3,
    "именуемое": 31,
    "дальнейшем": 46,
    "заказчик": 13,
    "лице": 44,
    "генерального": 29,
    "директора": 45,
    "сидорова": 8,
    "алексея": 1,
    "петровича": 11,
    "действующего": 33,
    "основании": 48,
    "устава": 29,
    "одной": 19,
    "стороны": 69,
    "марс": 1,
    "исполнитель": 8,
    "заместителя": 4,
    "михайлова": 3,
    "ильи": 4,
    "романовича": 4,
    "доверенности": 5,
    "марта": 10,
    "д": 33,
    "вместе": 18,
    "именуемые": 18,
    "индивидуально": 7,
    "сторона": 8,
    "составили": 26,
    "настоящий": 71,
    "нижеследующем": 21,
    "соответствии": 40,
    "договором": 13,
    "далее": 16,
    "договор": 12,
    "собрал": 1,
    "урожай": 1,
    "картофеля": 1,
    "количестве": 11,
    "тонн": 1,
    "поля": 2,
    "б": 5,
    "используя": 1,
    "комбайн": 1,
    "марки": 2,
    "wisend": 1,
    "weq": 1,
    "фио": 11,
    "комбайнера": 1,
    "сергеев": 14,
    "роман": 3,
    "павлович": 2,
    "стоимость": 20,
    "составила": 11,
    "руб": 53,
    "ндс": 8,
    "общая": 10,
    "качество": 1,
    "соответствует": 3,
    "согласованным": 1,
    "сторонами": 15,
    "требованиям": 6,
    "результате": 12,
    "приема": 2,
    "недостатков": 2,
    "выявил": 1,
    "взаимных": 3,
    "претензий": 15,
    "имеют": 3,
    "составлен": 33,
    "двух": 18,
    "экземплярах": 25,
    "одному": 20,
    "каждой": 19,
    "сторон": 42,
    "подписи": 32,
    "сидоров": 12,
    "ап": 7,
    "михайлов": 7,
    "ир": 6,
    "компания": 1,
    "утверждаю": 16,
    "генеральный": 7,
    "директор": 22,
    "петров": 54,
    "са": 2,
    "ноября": 24,
    "n": 12,
    "переводе": 3,
    "основных": 7,
    "средств": 12,
    "консервацию": 2,
    "нижеподписавшиеся": 4,
    "комиссия": 27,
    "составе": 26,
    "главного": 11,
    "инженера": 6,
    "ар": 5,
    "иванова": 12,
    "председателя": 12,
    "начальника": 8,
    "цеха": 4,
    "вк": 4,
    "волкова": 4,
    "рабочего": 3,
    "ам": 2,
    "медведева": 7,
    "членов": 13,
    "комиссии": 68,
    "бухгалтера": 15,
    "вн": 3,
    "зайцева": 6,
    "произведена": 9,
    "консервация": 2,
    "экскаватора": 2,
    "модель": 4,
    "экскаваторпланировщик": 2,
    "ud": 2,
    "шасси": 2,
    "tatra": 2,
    "t": 2,
    "x": 2,
    "наименование": 50,
    "инвентаризационный": 1,
    "номер": 39,
    "вид": 7,
    "учета": 11,
    "первоначальная": 1,
    "сумма": 18,
    "амортизации": 1,
    "остаточная": 2,
    "срок": 14,
    "ввода": 1,
    "эксплуатацию": 5,
    "т": 10,
    "бухгалтерский": 1,
    "налоговый": 1,
    "причины": 4,
    "консервации": 1,
    "объекта": 20,
    "отсутствие": 3,
    "заказов": 1,
    "земляные": 1,
    "работы": 19,
    "консервацией": 1,
    "произведены": 2,
    "следующие": 28,
    "подготовительные": 1,
    "согласно": 24,
    "заключению": 3,
    "октября": 33,
    "очищены": 1,
    "поверхности": 2,
    "оборудования": 12,
    "загрязнений": 1,
    "смазка": 1,
    "подвижных": 1,
    "частей": 1,
    "процессе": 3,
    "подготовительных": 1,
    "использованы": 1,
    "материалы": 3,
    "ветошь": 1,
    "кг": 8,
    "литол": 1,
    "тысячи": 7,
    "общие": 1,
    "затраты": 4,
    "указанного": 2,
    "выше": 5,
    "имущества": 20,
    "проведена": 1,
    "председатель": 27,
    "иванов": 17,
    "члены": 32,
    "волков": 4,
    "медведев": 2,
    "аи": 10,
    "зайцев": 2,
    "приемапередачи": 18,
    "мебели": 4,
    "ромашка": 7,
    "васлек": 1,
    "общество": 12,
    "ограниченной": 12,
    "ответственностью": 12,
    "ивана": 10,
    "ивановича": 14,
    "действующей": 3,
    "продавец": 23,
    "василек": 1,
    "довлатова": 1,
    "александра": 2,
    "федоровича": 2,
    "покупатель": 30,
    "отдельности": 1,
    "пунктом": 1,
    "договора": 21,
    "передает": 5,
    "принимает": 5,
    "товар": 5,
    "следующего": 6,
    "ассортимента": 1,
    "количества": 1,
    "пп": 34,
    "товара": 21,
    "артикул": 2,
    "ттн": 1,
    "количество": 23,
    "поставленного": 2,
    "продавцом": 4,
    "включая": 2,
    "принятого": 3,
    "количеству": 2,
    "качеству": 4,
    "покупателем": 4,
    "тумба": 2,
    "прикроватная": 1,
    "кровать": 1,
    "зинаида": 1,
    "принятый": 1,
    "обладает": 1,
    "качеством": 1,
    "ассортиментом": 1,
    "соответствующим": 1,
    "поставлен": 1,
    "установленные": 1,
    "договоре": 2,
    "сроки": 3,
    "имеет": 5,
    "никаких": 2,
    "принятому": 1,
    "товару": 1,
    "русском": 6,
    "языке": 6,
    "имеющих": 9,
    "равную": 3,
    "юридическую": 10,
    "силу": 10,
    "экземпляру": 7,
    "является": 7,
    "неотъемлемой": 2,
    "частью": 2,
    "продавца": 4,
    "покупателя": 5,
    "градский": 1,
    "мм": 11,
    "fillin": 34,
    "field": 34,
    "мп": 18,
    "темный": 1,
    "куплипродажи": 18,
    "июня": 9,
    "специальной": 2,
    "техники": 6,
    "казань": 6,
    "сатурн": 2,
    "федорова": 1,
    "меркурий": 1,
    "семеновой": 2,
    "па": 8,
    "настоящим": 13,
    "актом": 20,
    "передал": 24,
    "покупателю": 8,
    "принял": 23,
    "спецтехнику": 1,
    "следующими": 2,
    "характеристиками": 2,
    "год": 16,
    "выпуска": 11,
    "марка": 2,
    "производитель": 2,
    "комплектация": 2,
    "прочие": 2,
    "характеристики": 12,
    "недостатки": 9,
    "замечания": 3,
    "каток": 1,
    "вибрационный": 1,
    "mitsub": 2,
    "xd": 1,
    "baumaschinen": 1,
    "ag": 1,
    "германия": 2,
    "габариты": 1,
    "диаметр": 1,
    "вальца": 1,
    "дорожная": 1,
    "фреза": 1,
    "wirtgen": 1,
    "wcf": 1,
    "наработка": 1,
    "около": 1,
    "мч": 1,
    "рабочая": 1,
    "масса": 1,
    "помято": 1,
    "левое": 1,
    "крыло": 1,
    "также": 13,
    "документы": 11,
    "технические": 1,
    "паспорта": 5,
    "rt": 1,
    "c": 4,
    "руководства": 1,
    "эксплуатации": 6,
    "заключение": 4,
    "эксперта": 1,
    "работоспособности": 1,
    "скрытые": 6,
    "передаваемого": 8,
    "оговорены": 7,
    "продавцу": 7,
    "состоянию": 9,
    "передаваемой": 2,
    "документам": 6,
    "имеется": 11,
    "подписав": 9,
    "подтверждают": 7,
    "обязательства": 9,
    "приемупередаче": 6,
    "спецтехники": 1,
    "исполнены": 9,
    "надлежащим": 9,
    "образом": 10,
    "федоров": 2,
    "семенова": 9,
    "списание": 4,
    "дебиторской": 2,
    "задолженности": 6,
    "смоленск": 1,
    "декабря": 24,
    "приказу": 2,
    "период": 6,
    "инвентаризация": 1,
    "расчетов": 3,
    "покупателями": 1,
    "поставщиками": 1,
    "прочими": 1,
    "дебиторами": 3,
    "кредиторами": 3,
    "результатам": 4,
    "инвентаризации": 9,
    "рассмотренным": 1,
    "комиссионно": 1,
    "протокол": 1,
    "выявлена": 1,
    "безнадежная": 1,
    "дебиторская": 2,
    "задолженность": 2,
    "следующим": 2,
    "контрагентам": 1,
    "дебитора": 2,
    "реквизиты": 1,
    "дата": 25,
    "оплаты": 1,
    "документыоснования": 1,
    "альфа": 9,
    "сверки": 3,
    "взаиморасчетов": 2,
    "требования": 5,
    "уплате": 2,
    "долга": 2,
    "бухгалтерская": 3,
    "справка": 3,
    "ф": 4,
    "инф": 3,
    "пао": 8,
    "гамма": 6,
    "выписка": 3,
    "егрюл": 1,
    "судебного": 2,
    "решения": 2,
    "прекращении": 1,
    "процедуры": 1,
    "банкротства": 1,
    "сигма": 4,
    "решение": 6,
    "арбитражного": 1,
    "суда": 1,
    "взыскании": 1,
    "пристава": 1,
    "невозможности": 1,
    "взыскания": 4,
    "итого": 14,
    "указанная": 1,
    "таблице": 3,
    "сумме": 4,
    "•": 12,
    "подлежит": 3,
    "списанию": 2,
    "бухгалтерском": 1,
    "учете": 2,
    "счет": 6,
    "резерва": 2,
    "сомнительным": 1,
    "долгам": 1,
    "п": 17,
    "положения": 5,
    "ведению": 1,
    "отчетности": 1,
    "утв": 1,
    "приказом": 10,
    "минфина": 1,
    "россии": 3,
    "н": 5,
    "налоговом": 1,
    "включается": 1,
    "состав": 2,
    "внереализационных": 1,
    "расходов": 1,
    "налогу": 1,
    "прибыль": 1,
    "подп": 1,
    "ст": 4,
    "нк": 2,
    "рф": 9,
    "главный": 14,
    "бухгалтер": 24,
    "вострокнутова": 2,
    "ан": 4,
    "трансмаг": 1,
    "шутов": 1,
    "гсм": 3,
    "начальник": 9,
    "транспортного": 7,
    "иванцов": 6,
    "ди": 4,
    "кулик": 3,
    "ис": 4,
    "автомобиля": 6,
    "лада": 2,
    "калина": 1,
    "гос": 1,
    "ун": 1,
    "израсходовано": 3,
    "следующее": 6,
    "подлежащее": 1,
    "пробег": 2,
    "км": 17,
    "расход": 2,
    "фактически": 3,
    "нормирован": 1,
    "экономия": 1,
    "бензин": 3,
    "л": 5,
    "масло": 1,
    "тормозная": 1,
    "жидкость": 1,
    "направление": 1,
    "расхода": 1,
    "нужды": 1,
    "организации": 24,
    "путевые": 1,
    "листы": 1,
    "водитель": 2,
    "шуриков": 2,
    "гладиолус": 3,
    "инн": 6,
    "кпп": 2,
    "окпо": 1,
    "проверки": 7,
    "температуры": 2,
    "воздуха": 4,
    "рабочем": 3,
    "месте": 4,
    "владимир": 3,
    "жалобы": 1,
    "ек": 9,
    "дмитриевой": 3,
    "охране": 5,
    "труда": 20,
    "ро": 3,
    "горбунова": 1,
    "иа": 2,
    "авдеевой": 1,
    "юриста": 1,
    "присутствии": 11,
    "секретаря": 4,
    "ои": 1,
    "соколовой": 1,
    "произвела": 7,
    "измерения": 15,
    "рабочих": 9,
    "местах": 4,
    "отделе": 3,
    "бухгалтерии": 2,
    "офис": 2,
    "окна": 2,
    "течение": 2,
    "дня": 3,
    "открыты": 1,
    "выходят": 1,
    "юг": 1,
    "кабинете": 1,
    "работал": 1,
    "вентилятор": 1,
    "проведенных": 3,
    "измерений": 4,
    "выявлено": 3,
    "температура": 6,
    "офисе": 3,
    "зафиксирована": 1,
    "следующая": 2,
    "время": 8,
    "проведения": 8,
    "улице": 1,
    "градусах": 2,
    "цельсию": 4,
    "помещении": 2,
    "установлено": 6,
    "допустимой": 1,
    "градуса": 1,
    "санпин": 2,
    "допустимая": 1,
    "работников": 18,
    "чья": 1,
    "работа": 3,
    "связана": 1,
    "незначительными": 1,
    "физическими": 1,
    "нагрузками": 1,
    "теплое": 1,
    "должна": 1,
    "градусов": 1,
    "изложенных": 1,
    "фактов": 2,
    "рекомендует": 1,
    "генеральному": 1,
    "директору": 1,
    "нн": 5,
    "стрелкову": 1,
    "принять": 1,
    "необходимые": 2,
    "меры": 3,
    "приведению": 1,
    "параметров": 1,
    "микроклимата": 1,
    "требованиями": 6,
    "сократить": 1,
    "рабочий": 2,
    "день": 2,
    "сотрудников": 7,
    "офиса": 1,
    "горбунов": 2,
    "авдеева": 2,
    "север": 4,
    "отказе": 4,
    "давать": 3,
    "объяснения": 4,
    "нарушению": 2,
    "трудовых": 6,
    "обязанностей": 5,
    "томск": 1,
    "мною": 5,
    "менеджером": 2,
    "подбору": 2,
    "персонала": 6,
    "синицыной": 1,
    "анжеликой": 1,
    "ивановной": 3,
    "соловьева": 1,
    "михаила": 4,
    "старшего": 7,
    "менеджера": 9,
    "продажам": 16,
    "дроздовой": 1,
    "марии": 2,
    "васильевны": 1,
    "менеджеру": 1,
    "воронову": 1,
    "роману": 1,
    "семеновичу": 1,
    "предложено": 2,
    "предоставить": 3,
    "письменные": 2,
    "факту": 3,
    "появления": 1,
    "состоянии": 8,
    "алкогольного": 3,
    "опьянения": 4,
    "недопустимого": 1,
    "поведения": 1,
    "сотрудниками": 1,
    "клиентами": 3,
    "воронов": 3,
    "р": 10,
    "отказался": 9,
    "грубому": 1,
    "указания": 2,
    "содержание": 7,
    "данного": 6,
    "акта": 23,
    "подтверждаем": 6,
    "личными": 8,
    "подписями": 7,
    "менеджер": 13,
    "синицына": 2,
    "соловьев": 2,
    "старший": 4,
    "дроздова": 2,
    "мв": 1,
    "проведении": 4,
    "испытаний": 5,
    "трубопроводов": 2,
    "прочность": 3,
    "герметичность": 3,
    "сарапул": 4,
    "представителя": 13,
    "строительномонтажной": 2,
    "вершинина": 1,
    "романа": 4,
    "производителя": 1,
    "омега": 7,
    "технического": 10,
    "надзора": 4,
    "заказчика": 10,
    "львова": 3,
    "петра": 7,
    "дельта": 4,
    "эксплуатационной": 3,
    "русских": 3,
    "михайловича": 2,
    "осмотр": 5,
    "освидетельствованию": 1,
    "приемке": 2,
    "предъявлены": 1,
    "гидравлические": 1,
    "трубопроводы": 1,
    "испытанные": 1,
    "перечисленные": 2,
    "участке": 2,
    "камеры": 2,
    "трассы": 1,
    "трубопровод": 2,
    "протяженностью": 1,
    "м": 15,
    "испытательное": 1,
    "давление": 1,
    "мпа": 2,
    "кгсквсм": 2,
    "продолжительность": 1,
    "мин": 3,
    "наружный": 1,
    "давлении": 1,
    "øх": 1,
    "выполнены": 7,
    "проектносметной": 4,
    "документации": 6,
    "псспбтс": 1,
    "документацией": 2,
    "государственными": 1,
    "стандартами": 1,
    "строительными": 2,
    "нормами": 3,
    "правилами": 2,
    "отвечают": 2,
    "приемки": 1,
    "изложенного": 2,
    "считать": 2,
    "испытания": 8,
    "перечисленных": 2,
    "акте": 2,
    "выполненными": 2,
    "представитель": 11,
    "вершинин": 2,
    "рр": 3,
    "львов": 6,
    "утвержден": 2,
    "единственным": 1,
    "участником": 3,
    "ветеран": 7,
    "передаточный": 2,
    "присоединении": 6,
    "покровские": 9,
    "ворота": 9,
    "энгельс": 7,
    "настоящему": 5,
    "акту": 12,
    "руководствуясь": 2,
    "гражданским": 2,
    "кодексом": 3,
    "активы": 1,
    "пассивы": 1,
    "реорганизуемого": 1,
    "общества": 7,
    "права": 5,
    "обязанности": 2,
    "балансовая": 3,
    "передаваемых": 2,
    "активов": 2,
    "пассивов": 2,
    "составляет": 4,
    "девять": 1,
    "миллионов": 1,
    "четыреста": 4,
    "сорок": 2,
    "двести": 4,
    "девятнадцать": 1,
    "рублей": 17,
    "копеек": 5,
    "структурный": 1,
    "основные": 1,
    "средства": 11,
    "остаточной": 1,
    "стоимости": 4,
    "миллиона": 3,
    "триста": 3,
    "пять": 1,
    "тысяч": 11,
    "девятьсот": 3,
    "no": 1,
    "список": 2,
    "находящихся": 1,
    "балансе": 1,
    "указанием": 4,
    "начисленного": 1,
    "износа": 1,
    "материальнопроизводственные": 1,
    "запасы": 2,
    "балансовой": 1,
    "миллион": 1,
    "пятьдесят": 3,
    "краткосрочные": 2,
    "финансовые": 2,
    "вложения": 4,
    "сто": 4,
    "двадцать": 5,
    "расшифровка": 9,
    "финансовых": 1,
    "вложений": 2,
    "денежные": 2,
    "расчетном": 1,
    "счету": 3,
    "рубдвести": 1,
    "две": 4,
    "семьсот": 1,
    "шестьдесят": 3,
    "шесть": 3,
    "банка": 2,
    "кассе": 1,
    "семь": 2,
    "девяносто": 1,
    "копейки": 2,
    "кассовая": 1,
    "книга": 1,
    "расчеты": 2,
    "покупатели": 2,
    "заказчики": 2,
    "семьдесят": 1,
    "одна": 4,
    "тысяча": 1,
    "четыре": 1,
    "рубля": 1,
    "поставщики": 1,
    "подрядчики": 1,
    "восемьсот": 2,
    "восемь": 3,
    "кредиторской": 1,
    "наперсток": 1,
    "ия": 1,
    "данилова": 1,
    "тн": 2,
    "передаточному": 4,
    "износ": 4,
    "нежилое": 6,
    "помещение": 11,
    "адресу": 22,
    "ул": 31,
    "космонавтов": 2,
    "инв": 12,
    "петровская": 1,
    "полиграфическая": 1,
    "тельмана": 1,
    "сплитсистема": 2,
    "lg": 4,
    "установленная": 2,
    "адресуг": 1,
    "прт": 1,
    "строителей": 1,
    "ккм": 1,
    "орион": 1,
    "финансового": 1,
    "предоставленный": 2,
    "займ": 2,
    "пкстп": 1,
    "дебиторы": 1,
    "теплолюкссаратов": 1,
    "сартэксим": 1,
    "асвента": 1,
    "альянсэлектро": 1,
    "ип": 18,
    "шаповалов": 1,
    "ва": 4,
    "польская": 1,
    "петрив": 1,
    "ви": 4,
    "мирошников": 1,
    "аа": 12,
    "колесник": 1,
    "вг": 1,
    "св": 1,
    "золотов": 1,
    "архипова": 1,
    "зао": 4,
    "саратоввостоксервис": 1,
    "гуп": 2,
    "сартехинвентаризация": 1,
    "техносвет": 1,
    "плюс": 6,
    "акб": 1,
    "экспрессволга": 1,
    "оао": 5,
    "волгателеком": 1,
    "исакова": 1,
    "еа": 3,
    "курчавова": 1,
    "лейнард": 1,
    "сн": 1,
    "ростелеком": 1,
    "кузнецов": 1,
    "ас": 4,
    "коммунальные": 1,
    "электросети": 1,
    "орел": 3,
    "тпс": 1,
    "кредитора": 1,
    "покровский": 1,
    "радиотелефон": 1,
    "вариантстрой": 1,
    "муп": 1,
    "энгельсводоканал": 1,
    "чернышев": 1,
    "аб": 1,
    "астра": 3,
    "сх": 1,
    "трейдинг": 1,
    "фсф": 1,
    "комстар": 1,
    "головаха": 1,
    "шурупов": 3,
    "двор": 5,
    "книжек": 3,
    "нновгород": 1,
    "кулемин": 2,
    "ав": 19,
    "бухгалтером": 3,
    "мышкиной": 1,
    "се": 2,
    "передаются": 2,
    "специалистом": 1,
    "кадрам": 5,
    "куркиной": 1,
    "принимаются": 1,
    "трудовые": 4,
    "книжки": 2,
    "вкладыши": 1,
    "ttt": 1,
    "¦": 114,
    "фамилия": 4,
    "имя": 4,
    "серия": 12,
    "бланка": 3,
    "примечания": 2,
    "отчество": 4,
    "трудовой": 6,
    "владельца": 1,
    "вкладыша": 1,
    "корякина": 1,
    "трудовая": 7,
    "книжка": 8,
    "находится": 3,
    "ирина": 4,
    "атiv": 1,
    "среднем": 1,
    "ивановна": 3,
    "вкладыш": 2,
    "трудовую": 3,
    "книжку": 3,
    "калабин": 1,
    "невостребованная": 2,
    "виктор": 1,
    "атv": 1,
    "работника": 4,
    "семенович": 2,
    "уволенного": 1,
    "ушкин": 1,
    "книжке": 4,
    "василий": 1,
    "тк": 8,
    "отсутствует": 3,
    "запись": 1,
    "иванович": 8,
    "другую": 1,
    "работу": 4,
    "голякова": 1,
    "мария": 1,
    "отличном": 1,
    "никитична": 1,
    "lитого": 1,
    "числе": 6,
    "бланки": 1,
    "вкладышей": 1,
    "ttttt": 1,
    "l": 1,
    "сдала": 1,
    "приняла": 1,
    "специалист": 9,
    "мышкина": 2,
    "куркина": 2,
    "сидоркова": 2,
    "юрисконсульт": 3,
    "лютиков": 2,
    "га": 8,
    "секретарь": 9,
    "маркелова": 2,
    "ин": 2,
    "мбоу": 1,
    "первомайская": 1,
    "сош": 1,
    "николаева": 9,
    "рп": 1,
    "замера": 2,
    "протяженности": 2,
    "маршрута": 3,
    "зам": 5,
    "ахч": 2,
    "соболевой": 1,
    "завуча": 1,
    "смирновой": 3,
    "учителя": 1,
    "обж": 1,
    "романова": 11,
    "ол": 5,
    "замер": 1,
    "межостановочных": 1,
    "расстояний": 1,
    "первомайское": 3,
    "верхние": 3,
    "дубы": 3,
    "утренний": 1,
    "рейс": 1,
    "путем": 6,
    "контрольного": 1,
    "автомобиле": 1,
    "гранта": 1,
    "стандартной": 1,
    "авторезине": 1,
    "государственный": 1,
    "кег": 1,
    "ru": 2,
    "путевой": 1,
    "лист": 2,
    "пл": 1,
    "ен": 4,
    "паспортом": 1,
    "дороги": 1,
    "установила": 2,
    "протяженность": 1,
    "показаниям": 1,
    "счетчика": 4,
    "спидометра": 3,
    "расстояние": 6,
    "места": 7,
    "стоянки": 2,
    "автобуса": 2,
    "начального": 3,
    "пункта": 4,
    "движения": 1,
    "составило": 3,
    "конечного": 1,
    "промежуточными": 1,
    "остановками": 1,
    "останов": 3,
    "пункты": 1,
    "показания": 10,
    "пунктами": 2,
    "разворот": 2,
    "кольцо": 2,
    "школа": 3,
    "дсад": 1,
    "гаражи": 1,
    "администрация": 1,
    "соболева": 2,
    "смирнова": 7,
    "романов": 14,
    "обследования": 2,
    "магнитогорск": 2,
    "апреля": 16,
    "связи": 5,
    "оценкой": 1,
    "необходимость": 3,
    "реконструкции": 3,
    "фасада": 5,
    "заявления": 1,
    "собственника": 4,
    "крона": 2,
    "шурикова": 1,
    "леонидовича": 1,
    "комиссией": 10,
    "инженер": 11,
    "стройтех": 1,
    "сунцов": 3,
    "иван": 11,
    "сергеевич": 1,
    "мастер": 1,
    "оценка": 2,
    "экспертиза": 1,
    "сергеевича": 2,
    "заместитель": 1,
    "сельков": 3,
    "максим": 1,
    "петрович": 9,
    "присутствие": 1,
    "здания": 1,
    "расположенного": 1,
    "строительная": 1,
    "проведено": 1,
    "обследование": 3,
    "предмет": 1,
    "фактического": 1,
    "установления": 1,
    "факта": 2,
    "ходе": 2,
    "общего": 1,
    "внешнего": 2,
    "осмотра": 6,
    "произведено": 3,
    "отрывка": 1,
    "шурфов": 1,
    "простукивание": 1,
    "внутренних": 2,
    "стен": 3,
    "снятие": 1,
    "деталей": 2,
    "вскрытие": 1,
    "конструкций": 1,
    "взятие": 1,
    "проб": 1,
    "материалов": 14,
    "момент": 2,
    "объект": 4,
    "нуждается": 1,
    "мс": 3,
    "энергосервис": 2,
    "лицензия": 3,
    "ук": 2,
    "сентября": 34,
    "опломбировки": 3,
    "электроэнергии": 1,
    "организациизаказчика": 3,
    "хризантема": 4,
    "адрес": 9,
    "рябиновая": 1,
    "место": 9,
    "подсобное": 2,
    "офисном": 2,
    "здании": 2,
    "счетчик": 5,
    "тип": 11,
    "однофазный": 3,
    "заводской": 10,
    "установки": 11,
    "условиям": 3,
    "опломбировка": 2,
    "лицо": 9,
    "проводившее": 3,
    "опломбировку": 1,
    "саратов": 3,
    "положению": 1,
    "привлечении": 1,
    "расходовании": 1,
    "внебюджетных": 1,
    "мкдоу": 2,
    "дс": 2,
    "заведующий": 2,
    "детским": 1,
    "садом": 1,
    "нв": 1,
    "приёмапередачи": 1,
    "временное": 4,
    "пользование": 6,
    "паспорт": 20,
    "постоянно": 17,
    "действующая": 2,
    "черепанов": 1,
    "аг": 2,
    "хозяйством": 4,
    "володин": 1,
    "пестова": 1,
    "антонова": 1,
    "действующие": 1,
    "приказа": 5,
    "гсоставила": 1,
    "ниже": 2,
    "материальные": 7,
    "ценности": 7,
    "приняты": 1,
    "колво": 7,
    "медведь": 1,
    "плюшевый": 1,
    "посуда": 1,
    "детская": 1,
    "набор": 1,
    "предметов": 1,
    "сдал": 2,
    "жертвователь": 1,
    "мячкин": 2,
    "ат": 1,
    "литвинов": 1,
    "кошкина": 1,
    "проектноизыскательских": 3,
    "абв": 3,
    "сдачиприемки": 1,
    "воткинск": 1,
    "восток": 4,
    "именуемая": 3,
    "подрядчик": 7,
    "чайникова": 1,
    "константиновича": 1,
    "запад": 1,
    "собакина": 1,
    "леонида": 1,
    "оформили": 1,
    "землеустройству": 1,
    "земельном": 1,
    "участок": 6,
    "площадью": 3,
    "расположенном": 1,
    "западное": 1,
    "шоссе": 1,
    "й": 1,
    "кадастровый": 5,
    "оформлено": 1,
    "выполнил": 2,
    "заданию": 1,
    "исследование": 1,
    "рельефа": 1,
    "сумму": 8,
    "изучение": 1,
    "состава": 1,
    "свойств": 1,
    "грунта": 1,
    "тридцать": 1,
    "шестьсот": 2,
    "результаты": 5,
    "оформлены": 1,
    "виде": 4,
    "карт": 2,
    "планов": 1,
    "почвенных": 1,
    "геоботанических": 1,
    "других": 3,
    "обследований": 1,
    "изысканий": 1,
    "заключений": 1,
    "оценке": 1,
    "качества": 1,
    "земель": 4,
    "тематических": 1,
    "атласов": 1,
    "состояния": 2,
    "использования": 3,
    "листах": 2,
    "переданы": 8,
    "заказчику": 3,
    "оформлении": 1,
    "настоящего": 3,
    "оплачены": 1,
    "чайников": 2,
    "ик": 1,
    "собакин": 2,
    "управляющей": 2,
    "компании": 5,
    "жрп": 2,
    "семенов": 16,
    "засоре": 1,
    "канализации": 3,
    "ижевск": 11,
    "депутатская": 2,
    "квартиры": 10,
    "захаровой": 1,
    "натальи": 2,
    "олеговны": 1,
    "выдан": 13,
    "первомайским": 5,
    "ровд": 11,
    "ижевска": 8,
    "нежилого": 6,
    "помещения": 8,
    "ювелирного": 1,
    "магазина": 1,
    "золотник": 1,
    "адам": 1,
    "вахрушева": 4,
    "семена": 4,
    "семеновича": 3,
    "дома": 4,
    "нижерасположенного": 1,
    "поврежденного": 1,
    "целью": 1,
    "выяснения": 2,
    "причин": 4,
    "засора": 3,
    "описания": 1,
    "повреждений": 1,
    "помещений": 2,
    "вызванных": 1,
    "аварией": 1,
    "обследовании": 1,
    "указанных": 1,
    "присутствовали": 1,
    "свидетели": 2,
    "собственник": 2,
    "георгиевич": 1,
    "октябрьским": 4,
    "илья": 3,
    "ильич": 3,
    "мая": 23,
    "проверкой": 1,
    "канализационного": 1,
    "стояка": 2,
    "квартирами": 1,
    "квартире": 1,
    "нанесены": 2,
    "повреждения": 3,
    "деформация": 2,
    "настенного": 1,
    "напольного": 1,
    "покрытия": 1,
    "нижерасположенному": 1,
    "нежилому": 2,
    "помещению": 2,
    "магазину": 1,
    "крепления": 1,
    "натяжного": 1,
    "потолка": 1,
    "повреждение": 1,
    "витрин": 1,
    "настенных": 1,
    "шкафов": 1,
    "светильников": 1,
    "штук": 4,
    "принятые": 2,
    "локализации": 1,
    "последствий": 1,
    "причиненного": 1,
    "ущерба": 1,
    "перекрыт": 1,
    "канализационный": 1,
    "стояк": 1,
    "отключение": 1,
    "воды": 3,
    "доме": 2,
    "аварийной": 1,
    "службой": 1,
    "устранения": 2,
    "аварии": 2,
    "устранению": 3,
    "прочистка": 1,
    "специальным": 1,
    "составом": 1,
    "герметизация": 1,
    "щелей": 1,
    "трубах": 1,
    "замена": 2,
    "части": 2,
    "соединений": 1,
    "подписали": 3,
    "николаев": 13,
    "захарова": 4,
    "вахрушев": 4,
    "сс": 10,
    "рг": 1,
    "ии": 18,
    "пионерии": 1,
    "монтажная": 2,
    "организация": 8,
    "лю": 1,
    "кафе": 2,
    "квм": 4,
    "техузел": 1,
    "водопровод": 3,
    "канализация": 2,
    "фундамент": 2,
    "проверка": 1,
    "основание": 4,
    "рабочим": 1,
    "чертежам": 1,
    "чертежей": 1,
    "инструкция": 3,
    "монтажу": 2,
    "предприятияизготовителя": 1,
    "результатах": 3,
    "закрепления": 1,
    "фундаментными": 1,
    "болтами": 1,
    "нормам": 2,
    "снип": 4,
    "разрешается": 1,
    "произвести": 1,
    "подливку": 1,
    "перечисленного": 1,
    "исключением": 1,
    "которое": 2,
    "проектном": 1,
    "положении": 1,
    "устанавливается": 1,
    "подливки": 1,
    "приложения": 5,
    "документу": 1,
    "замеры": 1,
    "произведенные": 1,
    "монтаже": 1,
    "должность": 9,
    "подпись": 18,
    "миронов": 2,
    "подрядная": 1,
    "лд": 1,
    "дмитриев": 2,
    "бригадир": 2,
    "пм": 1,
    "осокин": 2,
    "актдопуск": 2,
    "производства": 5,
    "строительномонтажных": 2,
    "территории": 1,
    "гор": 2,
    "июля": 9,
    "капитальный": 2,
    "ремонт": 4,
    "кровли": 2,
    "декабристов": 2,
    "предприятия": 3,
    "строящегося": 1,
    "генподрядчика": 4,
    "прораб": 4,
    "монтажстрой": 5,
    "дн": 2,
    "субподрядчика": 3,
    "исполнителя": 3,
    "технический": 8,
    "капиталстрой": 2,
    "дф": 19,
    "генподрядчик": 1,
    "предоставляет": 2,
    "территорию": 1,
    "жилой": 1,
    "дом": 2,
    "ограниченный": 1,
    "координатами": 1,
    "нем": 2,
    "ремонта": 1,
    "руководством": 1,
    "следующий": 3,
    "начало": 1,
    "окончание": 1,
    "начала": 3,
    "необходимо": 3,
    "выполнить": 1,
    "мероприятия": 5,
    "обеспечивающие": 1,
    "безопасность": 1,
    "выполнения": 6,
    "установку": 2,
    "подключение": 1,
    "электрооборудования": 2,
    "выполнять": 1,
    "согласованию": 1,
    "оградить": 1,
    "рабочие": 3,
    "установить": 1,
    "границы": 1,
    "опасной": 1,
    "зоны": 1,
    "обеспечить": 3,
    "опасную": 1,
    "зону": 1,
    "сигнальными": 1,
    "ограждениями": 1,
    "знаками": 1,
    "безопасности": 11,
    "надписями": 1,
    "гост": 3,
    "выполнении": 2,
    "ремонтных": 6,
    "руководствоваться": 1,
    "межотраслевыми": 1,
    "работе": 7,
    "высоте": 2,
    "кровельные": 1,
    "изоляционные": 1,
    "пот": 1,
    "рм": 2,
    "производстве": 4,
    "изоляционных": 1,
    "применением": 1,
    "горячего": 1,
    "битума": 1,
    "соблюдать": 2,
    "соблюдении": 1,
    "правила": 2,
    "пожарной": 3,
    "ппр": 1,
    "первичными": 1,
    "средствами": 2,
    "пожаротушения": 1,
    "оставлять": 1,
    "машины": 1,
    "транспортные": 1,
    "механизации": 2,
    "работающими": 2,
    "двигателями": 1,
    "допускается": 1,
    "обеспечит": 1,
    "исправность": 2,
    "применяемых": 1,
    "устройств": 2,
    "подъема": 1,
    "высоту": 1,
    "инструмента": 1,
    "проинформировать": 1,
    "жильцов": 1,
    "вывесить": 1,
    "объявления": 1,
    "периоде": 1,
    "характере": 1,
    "допускать": 4,
    "хранение": 2,
    "горючих": 1,
    "взрывопожароопасных": 1,
    "веществ": 1,
    "подвальных": 1,
    "др": 1,
    "помещениях": 1,
    "ждома": 1,
    "загромождать": 1,
    "проходы": 1,
    "проезды": 1,
    "материалами": 1,
    "инвентарем": 1,
    "мусором": 1,
    "строительный": 1,
    "мусор": 1,
    "вывозить": 1,
    "ежедневно": 2,
    "конце": 1,
    "спецодеждой": 1,
    "индивидуальной": 3,
    "защиты": 3,
    "аптечкой": 1,
    "первой": 1,
    "медицинской": 1,
    "помощи": 2,
    "выполнению": 2,
    "персонал": 1,
    "прошедший": 1,
    "обучение": 1,
    "контроль": 1,
    "знаний": 1,
    "технике": 1,
    "нарушать": 2,
    "конструкции": 1,
    "зданий": 2,
    "инженерные": 1,
    "коммуникации": 1,
    "изоляцию": 1,
    "нахождение": 1,
    "посторонних": 1,
    "лиц": 6,
    "кровле": 1,
    "люки": 1,
    "выходов": 1,
    "кровлю": 1,
    "окончании": 2,
    "закрывать": 1,
    "замки": 1,
    "попадания": 1,
    "мастики": 1,
    "падения": 1,
    "использованных": 1,
    "имущество": 12,
    "третьих": 3,
    "перерывов": 1,
    "инструмент": 1,
    "приспособление": 1,
    "должны": 2,
    "закреплены": 1,
    "убраны": 1,
    "высоты": 1,
    "примечание": 5,
    "необходимости": 1,
    "ведения": 1,
    "истечения": 1,
    "срока": 1,
    "действия": 5,
    "актадопуска": 1,
    "составить": 1,
    "новый": 3,
    "материальных": 10,
    "ценностей": 13,
    "романович": 3,
    "проживающий": 4,
    "восточная": 1,
    "кв": 14,
    "западная": 1,
    "трудовым": 4,
    "тд": 5,
    "обеспечение": 1,
    "сохранности": 1,
    "которых": 5,
    "входит": 1,
    "должностные": 1,
    "единица": 7,
    "цена": 11,
    "коп": 8,
    "ноутбук": 6,
    "lenovo": 5,
    "ideapad": 4,
    "are": 4,
    "серый": 2,
    "шт": 23,
    "черный": 3,
    "asu": 2,
    "laptop": 2,
    "fjabqt": 2,
    "серебристый": 2,
    "usbразветвитель": 2,
    "ginzzu": 2,
    "gruab": 2,
    "принято": 1,
    "проверены": 2,
    "вороновой": 1,
    "каждого": 1,
    "лица": 10,
    "воронова": 3,
    "страхования": 6,
    "оценки": 2,
    "киров": 2,
    "заключенным": 1,
    "ск": 2,
    "киргосстрах": 1,
    "именуемым": 2,
    "страховщик": 3,
    "агента": 1,
    "страхователь": 2,
    "петрова": 13,
    "ми": 4,
    "провел": 1,
    "оценку": 1,
    "определения": 1,
    "рыночной": 2,
    "рыночная": 1,
    "земельный": 3,
    "сосновая": 3,
    "площадь": 8,
    "построек": 2,
    "назначение": 2,
    "промышленное": 1,
    "незавершенного": 6,
    "строительства": 11,
    "февраля": 4,
    "гаража": 3,
    "нептун": 1,
    "логинова": 1,
    "гараж": 2,
    "липовая": 1,
    "рядом": 1,
    "стр": 1,
    "этажей": 1,
    "план": 4,
    "тп": 4,
    "проектносметную": 1,
    "документацию": 2,
    "документов": 11,
    "логинов": 2,
    "электроника": 1,
    "заверения": 2,
    "записей": 1,
    "получения": 3,
    "руки": 3,
    "череповец": 3,
    "начальником": 1,
    "отдела": 21,
    "кадров": 12,
    "вахрушевой": 1,
    "анной": 2,
    "евгеньевной": 1,
    "сидоровой": 2,
    "кристины": 1,
    "анатольевны": 1,
    "игоревича": 1,
    "часов": 4,
    "минут": 3,
    "системному": 1,
    "администратору": 1,
    "лебедеву": 1,
    "алексею": 1,
    "олеговичу": 1,
    "ознакомиться": 1,
    "записями": 3,
    "заверить": 1,
    "своей": 3,
    "подписью": 3,
    "внесенные": 1,
    "записи": 1,
    "получить": 2,
    "ознакомления": 6,
    "документа": 3,
    "лебедев": 2,
    "алексей": 2,
    "олегович": 2,
    "причине": 2,
    "несогласия": 2,
    "основанием": 2,
    "увольнения": 2,
    "намерения": 1,
    "обратиться": 1,
    "суд": 1,
    "восстановления": 1,
    "ае": 1,
    "ка": 2,
    "захаров": 4,
    "ри": 6,
    "ознакомлен": 6,
    "системный": 3,
    "администраторсистемный": 1,
    "администратор": 6,
    "содержанием": 2,
    "подписания": 7,
    "сфера": 1,
    "установлении": 2,
    "архангельск": 2,
    "трефилова": 5,
    "елена": 1,
    "константиновна": 1,
    "соколова": 7,
    "наталья": 1,
    "юрьевна": 1,
    "холодов": 5,
    "сергей": 2,
    "дмитриевич": 1,
    "прозоров": 4,
    "олег": 1,
    "александрович": 1,
    "появился": 1,
    "опьянении": 1,
    "свидетельствовали": 1,
    "нарушение": 1,
    "речи": 1,
    "запах": 1,
    "алкоголя": 1,
    "изо": 1,
    "рта": 1,
    "шаткость": 1,
    "походки": 1,
    "нарушенная": 1,
    "координация": 1,
    "неадекватная": 1,
    "реакция": 1,
    "слова": 1,
    "коллег": 1,
    "непосредственного": 1,
    "факт": 4,
    "подтвердить": 1,
    "медицинским": 1,
    "заключением": 1,
    "невозможно": 1,
    "оа": 4,
    "добровольного": 1,
    "прохождения": 1,
    "данным": 1,
    "нарушением": 1,
    "отстранению": 1,
    "ню": 2,
    "сд": 4,
    "подписанием": 2,
    "заверено": 1,
    "прометей": 4,
    "семен": 3,
    "уничтожении": 4,
    "персональных": 5,
    "данных": 7,
    "руководителя": 5,
    "марковой": 2,
    "петровны": 2,
    "екатерины": 2,
    "юрьевны": 1,
    "делопроизводителя": 1,
    "литвиновой": 1,
    "александровны": 2,
    "наделенная": 1,
    "полномочиями": 1,
    "положениями": 1,
    "федерального": 2,
    "закона": 4,
    "фз": 2,
    "уничтожение": 3,
    "которыми": 2,
    "расторгнуты": 1,
    "договоры": 3,
    "данные": 6,
    "находились": 1,
    "бумажных": 1,
    "носителях": 1,
    "хранящихся": 1,
    "носителя": 1,
    "пояснения": 2,
    "копии": 3,
    "страниц": 2,
    "данными": 2,
    "регистрацией": 2,
    "жительства": 3,
    "ор": 3,
    "копия": 16,
    "свидетельства": 2,
    "рождении": 2,
    "ребенка": 2,
    "дл": 3,
    "сахарова": 3,
    "информации": 2,
    "измельчения": 1,
    "гарантирующим": 1,
    "полное": 2,
    "основания": 1,
    "уничтожения": 1,
    "увольнение": 1,
    "маркова": 4,
    "ею": 1,
    "литвинова": 2,
    "ма": 6,
    "ренты": 15,
    "соколов": 9,
    "гр": 5,
    "именуемый": 6,
    "получатель": 4,
    "паспортные": 3,
    "сириус": 1,
    "плательщик": 5,
    "николаевича": 1,
    "плательщику": 2,
    "сарапульскому": 1,
    "тракту": 1,
    "плательщика": 1,
    "получателю": 1,
    "полноте": 3,
    "передаваемому": 3,
    "имуществу": 2,
    "произвел": 2,
    "подтверждает": 5,
    "передаче": 5,
    "даты": 6,
    "ответственность": 3,
    "сохранность": 5,
    "лежит": 3,
    "плательщике": 1,
    "одинаковую": 7,
    "земельного": 5,
    "участка": 8,
    "расположенный": 1,
    "ильинское": 1,
    "имеющий": 1,
    "иные": 1,
    "пастбищные": 1,
    "недвижимого": 1,
    "трех": 5,
    "органа": 1,
    "государственной": 2,
    "регистрации": 3,
    "техно": 1,
    "увольнении": 2,
    "екатеринбург": 2,
    "руководителем": 1,
    "ельцовой": 1,
    "альбиной": 1,
    "юрьевной": 1,
    "волковой": 1,
    "тамары": 2,
    "львовны": 1,
    "юрисконсульта": 2,
    "ильича": 1,
    "артемьев": 2,
    "игорь": 1,
    "степанович": 2,
    "приказ": 3,
    "зачитан": 1,
    "вслух": 1,
    "составителем": 1,
    "свидетелей": 1,
    "расторжением": 1,
    "трудового": 3,
    "руководитель": 3,
    "ельцова": 2,
    "аю": 1,
    "тл": 1,
    "найма": 3,
    "недвижимости": 4,
    "управление": 2,
    "жилищным": 1,
    "вопросам": 1,
    "краснодара": 2,
    "наймодатель": 3,
    "специалиста": 3,
    "ромашова": 1,
    "андреевича": 2,
    "демидова": 3,
    "наниматель": 4,
    "нанимателю": 3,
    "владение": 1,
    "лет": 2,
    "жилое": 5,
    "квартиру": 3,
    "расположенную": 1,
    "вокзальная": 1,
    "общей": 2,
    "стоимостью": 2,
    "млн": 1,
    "тыс": 1,
    "●": 6,
    "комнат": 1,
    "жилая": 1,
    "этаж": 3,
    "осмотрено": 1,
    "нанимателем": 1,
    "имеющиеся": 1,
    "ключи": 2,
    "жилого": 1,
    "наймодателем": 3,
    "кроме": 2,
    "домофона": 1,
    "оригинал": 7,
    "листов": 3,
    "приборов": 2,
    "электричества": 2,
    "нанимателя": 1,
    "наймодателю": 1,
    "нанимателе": 1,
    "ромашов": 2,
    "согласовано": 2,
    "перевода": 3,
    "единиц": 2,
    "назначенная": 2,
    "обществе": 1,
    "­": 12,
    "справочника": 1,
    "соотношении": 1,
    "одних": 1,
    "другие": 2,
    "утвержденного": 1,
    "пто": 2,
    "материально": 13,
    "обеспечения": 2,
    "кладовщика": 3,
    "ответственного": 3,
    "производственные": 1,
    "поступившие": 1,
    "поставщик": 4,
    "фактуре": 3,
    "требование": 1,
    "накладная": 1,
    "приходуются": 1,
    "склад": 1,
    "подотчет": 1,
    "ответственному": 1,
    "лицу": 2,
    "следующем": 2,
    "номенклатурные": 1,
    "номера": 6,
    "единицы": 5,
    "единицу": 3,
    "соответствующее": 1,
    "единицах": 1,
    "­­­­­­­": 8,
    "­­­­­­­­­­­­­­": 2,
    "­­­­­­": 4,
    "­­­­­": 2,
    "подсчет": 1,
    "взвешивание": 1,
    "перевод": 1,
    "утвержденными": 2,
    "законодательством": 1,
    "кладовщик": 8,
    "ответственное": 4,
    "прогресс": 4,
    "разглашении": 2,
    "охраняемой": 2,
    "законом": 2,
    "тайны": 3,
    "воронеж": 6,
    "продаж": 5,
    "михалева": 1,
    "тараса": 1,
    "степановича": 1,
    "александровича": 1,
    "сергеевны": 2,
    "установлен": 2,
    "неправомерного": 1,
    "совершения": 3,
    "передачи": 3,
    "зайцевой": 6,
    "анастасией": 1,
    "следующих": 7,
    "обстоятельствах": 1,
    "отправила": 1,
    "электронной": 1,
    "почты": 1,
    "разработанный": 1,
    "рекламной": 3,
    "кампании": 3,
    "второе": 1,
    "полугодие": 1,
    "неустановленному": 1,
    "данный": 2,
    "документ": 1,
    "коммерческую": 1,
    "тайну": 1,
    "подписано": 1,
    "дополнительное": 4,
    "соглашение": 4,
    "трудовому": 1,
    "неразглашении": 1,
    "коммерческой": 1,
    "которой": 1,
    "допущена": 1,
    "содержат": 1,
    "признаки": 1,
    "дисциплинарного": 3,
    "проступка": 3,
    "который": 1,
    "выразился": 1,
    "ставшей": 1,
    "известной": 1,
    "сотруднику": 1,
    "исполнения": 1,
    "своих": 3,
    "служебных": 4,
    "своими": 1,
    "действиями": 2,
    "спровоцировала": 1,
    "ситуацию": 1,
    "которая": 1,
    "негативно": 1,
    "отразиться": 1,
    "конкурентной": 1,
    "политике": 1,
    "потребуется": 1,
    "разработка": 1,
    "новой": 1,
    "наша": 1,
    "понесет": 1,
    "убытки": 1,
    "внедренного": 1,
    "плана": 1,
    "предоставила": 1,
    "объяснительную": 2,
    "записку": 2,
    "проведя": 1,
    "служебное": 1,
    "расследование": 1,
    "беседу": 1,
    "работником": 4,
    "пришли": 1,
    "следующему": 1,
    "мнению": 2,
    "наложить": 1,
    "зайцеву": 1,
    "дисциплинарное": 1,
    "взыскание": 1,
    "михалев": 2,
    "тс": 1,
    "нс": 1,
    "докладная": 2,
    "записка": 4,
    "объяснительная": 2,
    "ознакомлена": 1,
    "дополнительные": 5,
    "минск": 2,
    "уполномоченные": 1,
    "представители": 4,
    "петр": 3,
    "подрядчика": 3,
    "евлампий": 1,
    "андреевич": 2,
    "проектной": 2,
    "проекта": 2,
    "павлов": 1,
    "павел": 2,
    "объекту": 2,
    "текущий": 1,
    "столовой": 1,
    "ленина": 3,
    "выявлены": 3,
    "объемы": 1,
    "учтенные": 1,
    "причинам": 1,
    "недоработка": 1,
    "обоснование": 1,
    "видов": 1,
    "ресурсов": 1,
    "основная": 1,
    "заработная": 1,
    "плата": 1,
    "эксплуатация": 1,
    "машин": 1,
    "механизмов": 1,
    "ресурсы": 1,
    "втч": 2,
    "зарплата": 1,
    "машинистов": 1,
    "транспорт": 1,
    "е": 8,
    "кладка": 1,
    "этажа": 1,
    "кирпича": 3,
    "керамического": 1,
    "обыкновенного": 1,
    "стесненность": 6,
    "k": 18,
    "приготовление": 1,
    "цементных": 1,
    "растворов": 1,
    "вручную": 1,
    "сверление": 1,
    "отверстий": 1,
    "кирпичных": 1,
    "стенах": 1,
    "электроперфоратором": 1,
    "толщиной": 1,
    "диаметром": 2,
    "отверстия": 1,
    "отв": 2,
    "добавлять": 1,
    "каждые": 1,
    "толщины": 1,
    "стены": 2,
    "расценке": 1,
    "сверла": 1,
    "шнековые": 1,
    "цилиндрическим": 1,
    "хвостовиком": 1,
    "класс": 4,
    "точности": 4,
    "длиной": 2,
    "установка": 1,
    "ершей": 1,
    "готовые": 1,
    "гнезда": 1,
    "заделкой": 1,
    "устройство": 2,
    "перемычек": 1,
    "железобетонных": 1,
    "бетона": 1,
    "класса": 1,
    "железобетонные": 1,
    "изделия": 2,
    "прямые": 2,
    "разделу": 1,
    "базисных": 1,
    "ценах": 1,
    "оплатой": 1,
    "непредвиденные": 1,
    "корректировки": 1,
    "сводной": 1,
    "сметы": 1,
    "ненужное": 1,
    "зачеркнуть": 1,
    "газсервис": 1,
    "замены": 4,
    "газового": 1,
    "гончарова": 1,
    "промышленная": 1,
    "кухня": 1,
    "заменяемый": 2,
    "мембранный": 2,
    "сг": 1,
    "устанавливаемый": 2,
    "замену": 2,
    "распределения": 1,
    "ликвидации": 1,
    "ликвидируемого": 2,
    "юридического": 3,
    "сокращенное": 1,
    "фирменное": 1,
    "огрн": 2,
    "ликвидационная": 1,
    "рассомахина": 1,
    "ленинским": 1,
    "воронежа": 3,
    "зарегистрированного": 3,
    "суворова": 1,
    "ликвидационной": 3,
    "молодежная": 1,
    "тихонова": 1,
    "владимира": 1,
    "учредителей": 1,
    "распределить": 1,
    "передать": 1,
    "участникам": 1,
    "пропорционально": 1,
    "долям": 1,
    "уставном": 2,
    "капитале": 2,
    "учредителя": 1,
    "савельев": 1,
    "антон": 2,
    "магистральная": 1,
    "системных": 1,
    "блока": 1,
    "g": 1,
    "монитора": 1,
    "ваr": 1,
    "комплекта": 1,
    "офисной": 1,
    "игнатов": 3,
    "автомобиль": 4,
    "reno": 1,
    "duster": 1,
    "рег": 1,
    "ном": 1,
    "врл": 1,
    "рассомахин": 2,
    "тихонов": 2,
    "дезинфекции": 1,
    "ветврачом": 1,
    "кузнецовой": 1,
    "телятницы": 1,
    "ушаковой": 1,
    "дезинфекция": 2,
    "профилактория": 1,
    "учхоза": 1,
    "пригородное": 1,
    "агау": 1,
    "обработано": 1,
    "первичная": 1,
    "вторичная": 1,
    "текущая": 1,
    "производилась": 1,
    "глютекс": 1,
    "доза": 1,
    "мл": 3,
    "биопрепарата": 1,
    "обработку": 1,
    "остаток": 2,
    "израсходованных": 1,
    "биопрепаратов": 1,
    "открытых": 1,
    "флаконах": 1,
    "уничтожен": 1,
    "метод": 1,
    "обработки": 1,
    "опрыскивание": 1,
    "давлением": 1,
    "обработка": 1,
    "инъекции": 1,
    "наблюдение": 1,
    "привитымиобработанными": 1,
    "животными": 1,
    "поручено": 1,
    "примечаниео": 1,
    "осложнений": 1,
    "ветврач": 1,
    "фермы": 1,
    "недостаче": 1,
    "название": 1,
    "солнышко": 1,
    "белкиной": 1,
    "светланы": 1,
    "луна": 1,
    "накладной": 2,
    "счф": 1,
    "определила": 1,
    "недостачу": 1,
    "состояние": 5,
    "тары": 1,
    "упаковки": 1,
    "продукции": 1,
    "наружной": 1,
    "маркировки": 1,
    "пломб": 1,
    "нарушена": 1,
    "подробное": 1,
    "описание": 1,
    "полученного": 2,
    "артикулам": 1,
    "едизмер": 1,
    "оказалось": 1,
    "разница": 2,
    "недостачи": 1,
    "прописью": 3,
    "тринадцать": 2,
    "белкина": 2,
    "светлана": 1,
    "александровна": 1,
    "вносимого": 1,
    "качестве": 2,
    "вклада": 2,
    "уставный": 2,
    "капитал": 2,
    "москва": 2,
    "участник": 4,
    "новослободская": 1,
    "иннкпп": 1,
    "местонахождения": 1,
    "физического": 1,
    "обществах": 1,
    "обществу": 1,
    "неденежного": 1,
    "газ": 1,
    "отчетом": 2,
    "определении": 1,
    "указанное": 1,
    "передано": 1,
    "оплату": 2,
    "доли": 1,
    "участника": 1,
    "переданное": 1,
    "уставного": 1,
    "капитала": 1,
    "принадлежит": 1,
    "участнику": 1,
    "праве": 1,
    "собственности": 1,
    "арестом": 1,
    "предметом": 1,
    "залога": 1,
    "свободно": 1,
    "любых": 1,
    "прав": 5,
    "роза": 1,
    "бабочкина": 1,
    "вв": 2,
    "ромашкина": 1,
    "работнику": 2,
    "работодатель": 3,
    "андрея": 1,
    "индустриальным": 1,
    "мельничная": 1,
    "работник": 3,
    "должностных": 3,
    "служебной": 1,
    "поездке": 1,
    "отсутствуют": 3,
    "технической": 2,
    "крылова": 1,
    "николая": 1,
    "сергея": 2,
    "следующую": 1,
    "техническую": 1,
    "находящемуся": 1,
    "приборы": 2,
    "сигнализации": 1,
    "санитарнотехнического": 1,
    "покупателе": 1,
    "имени": 3,
    "крылов": 2,
    "зав": 3,
    "лютик": 4,
    "стеллажей": 6,
    "заведующего": 1,
    "менее": 2,
    "х": 2,
    "человек": 1,
    "ежегодного": 1,
    "провела": 1,
    "статические": 1,
    "ячеек": 1,
    "секций": 1,
    "рабочей": 1,
    "нагрузкой": 2,
    "q": 2,
    "проводились": 2,
    "fq": 1,
    "получены": 1,
    "табл": 1,
    "сводная": 2,
    "таблица": 2,
    "замеров": 1,
    "испытаниях": 2,
    "металлического": 1,
    "стеллажа": 3,
    "нагрузки": 2,
    "досм": 1,
    "нагрузка": 3,
    "кгс": 1,
    "прогиб": 1,
    "полки": 4,
    "влажность": 1,
    "центр": 5,
    "ребра": 1,
    "ребро": 1,
    "сломалось": 1,
    "использовался": 1,
    "домкрат": 1,
    "поверхностях": 1,
    "видимые": 1,
    "дефекты": 1,
    "соотв": 1,
    "стеллажи": 1,
    "соответствуютнесоответствуют": 1,
    "нормативной": 1,
    "являются": 1,
    "пригодными": 1,
    "дальнейшей": 1,
    "позднее": 2,
    "ячейках": 1,
    "вывешены": 1,
    "таблички": 1,
    "испытании": 2,
    "f": 4,
    "грузоподъёмности": 1,
    "табличка": 1,
    "стеллаж": 2,
    "грузоподъёмность": 1,
    "тек": 1,
    "буд": 1,
    "строймир": 1,
    "строй": 2,
    "мир": 1,
    "кононов": 1,
    "пермь": 2,
    "экспертной": 1,
    "мирная": 3,
    "тв": 4,
    "суриков": 3,
    "иванцова": 3,
    "отобрала": 2,
    "уничтожению": 3,
    "имеющие": 1,
    "научноисторической": 1,
    "утратившие": 1,
    "практическое": 1,
    "значение": 1,
    "дела": 1,
    "отложившиеся": 1,
    "деятельности": 2,
    "годы": 1,
    "дел": 5,
    "заголовки": 1,
    "групповые": 1,
    "индивидуальные": 1,
    "индекс": 1,
    "номенклатуре": 1,
    "описи": 5,
    "статей": 1,
    "перечню": 1,
    "банковские": 2,
    "выписки": 2,
    "истек": 2,
    "хранения": 3,
    "папка": 2,
    "уничтожены": 1,
    "пропуска": 1,
    "шредер": 1,
    "уничтожитель": 1,
    "бумаг": 1,
    "эк": 2,
    "правилам": 1,
    "заготовки": 3,
    "древесины": 4,
    "утвержденным": 1,
    "рослесхоза": 1,
    "мест": 7,
    "рубок": 3,
    "субъект": 1,
    "российской": 1,
    "федерации": 1,
    "красноярский": 1,
    "край": 1,
    "административный": 1,
    "район": 2,
    "дзержинский": 1,
    "лесничество": 3,
    "лесопарк": 1,
    "кгбу": 1,
    "дзержинское": 1,
    "участковое": 1,
    "орловское": 1,
    "составитель": 1,
    "лесничий": 2,
    "суворов": 3,
    "орлова": 2,
    "извещенного": 1,
    "дате": 1,
    "заказным": 1,
    "уведомлением": 2,
    "лесничества": 2,
    "произвели": 1,
    "квартале": 1,
    "делянка": 1,
    "аренды": 6,
    "лесного": 2,
    "заключенному": 1,
    "форма": 1,
    "рубки": 2,
    "выборочная": 1,
    "приисковая": 1,
    "способ": 1,
    "очистки": 1,
    "размельчение": 1,
    "разбрасывание": 1,
    "вырубки": 1,
    "окончания": 2,
    "вывозки": 1,
    "осмотре": 2,
    "показатели": 1,
    "предусмотрено": 1,
    "лесной": 1,
    "декларацией": 1,
    "вырублено": 1,
    "заготовлено": 1,
    "сохранено": 1,
    "наличие": 1,
    "лесоматериалов": 1,
    "освидетельствования": 1,
    "лесосеки": 1,
    "объем": 2,
    "кубм": 5,
    "деловой": 1,
    "дров": 1,
    "хвороста": 1,
    "ликвида": 1,
    "кроны": 1,
    "подроста": 1,
    "тысшт": 1,
    "источники": 1,
    "обсеменения": 1,
    "нарушения": 4,
    "виды": 1,
    "нарушений": 6,
    "размер": 2,
    "неустойки": 2,
    "графа": 1,
    "заполняется": 1,
    "случае": 3,
    "лесных": 1,
    "насаждений": 1,
    "предусмотрены": 1,
    "случаи": 1,
    "неустоек": 1,
    "лесопарка": 1,
    "использующего": 1,
    "леса": 1,
    "орлов": 2,
    "очистка": 1,
    "выполнена": 1,
    "сб": 1,
    "переоценки": 3,
    "товаров": 3,
    "алексеев": 5,
    "товаровед": 2,
    "дмитриева": 5,
    "ти": 2,
    "переоценку": 1,
    "розничным": 1,
    "ценам": 1,
    "уценка": 1,
    "дооценка": 1,
    "шампунь": 2,
    "ивушка": 1,
    "яблоко": 1,
    "ответственные": 1,
    "отделом": 1,
    "ильинова": 2,
    "оп": 1,
    "косина": 2,
    "нко": 1,
    "негосударственный": 1,
    "фонд": 1,
    "ветеранам": 1,
    "проведенного": 1,
    "служебного": 2,
    "расследования": 2,
    "санктпетербург": 1,
    "приказо": 1,
    "создании": 1,
    "викторовой": 1,
    "александровой": 1,
    "экономиста": 1,
    "обнаружено": 1,
    "товарноматериальных": 3,
    "ходунки": 1,
    "монитор": 1,
    "жидкокристаллический": 1,
    "должностной": 3,
    "инструкции": 2,
    "обязан": 1,
    "принимать": 1,
    "обеспечивать": 1,
    "выдавать": 1,
    "письменному": 1,
    "требованию": 1,
    "завизированному": 1,
    "директором": 1,
    "фонда": 2,
    "инструкцией": 1,
    "роспись": 5,
    "предыдущей": 1,
    "случаев": 1,
    "взлома": 1,
    "незаконного": 1,
    "проникновения": 1,
    "фиксировалось": 1,
    "сдает": 1,
    "охрану": 1,
    "подтверждается": 1,
    "объяснением": 1,
    "охранной": 2,
    "забор": 2,
    "таким": 1,
    "вызвано": 1,
    "противоправными": 1,
    "докладной": 2,
    "записке": 1,
    "уборщицы": 2,
    "лл": 2,
    "неоднократно": 1,
    "оставлял": 1,
    "дверь": 2,
    "кладовой": 1,
    "открытой": 1,
    "саму": 1,
    "кладовую": 1,
    "присмотра": 1,
    "кладовщику": 1,
    "сергееву": 1,
    "направлено": 1,
    "уведомление": 1,
    "просьбой": 1,
    "объяснение": 2,
    "отсутствия": 1,
    "складе": 1,
    "дачи": 1,
    "объяснений": 1,
    "соответствующий": 1,
    "ответственным": 1,
    "заключен": 5,
    "полной": 2,
    "материальной": 2,
    "ответственности": 3,
    "установленных": 2,
    "пришла": 1,
    "выводу": 1,
    "сергеевым": 2,
    "допущено": 1,
    "виновное": 2,
    "бездействие": 1,
    "выраженное": 1,
    "неисполнении": 1,
    "оно": 1,
    "послужило": 1,
    "причиной": 1,
    "утраты": 2,
    "вверенных": 1,
    "листом": 1,
    "объяснительной": 1,
    "записки": 2,
    "петровой": 1,
    "отчета": 1,
    "уведомления": 1,
    "викторова": 1,
    "александрова": 1,
    "сссергеев": 1,
    "артемида": 1,
    "арендодатель": 3,
    "олимп": 1,
    "арендатор": 4,
    "загребина": 1,
    "руслана": 1,
    "руслановича": 1,
    "одновременно": 5,
    "помещением": 1,
    "безвозмездное": 1,
    "нижеперечисленное": 1,
    "находящееся": 2,
    "компьютерный": 1,
    "стол": 1,
    "тумбой": 1,
    "цвет": 5,
    "дуб": 2,
    "кресло": 1,
    "офисное": 2,
    "престиж": 1,
    "черное": 1,
    "книжный": 1,
    "бу": 2,
    "хорошее": 2,
    "диван": 1,
    "кожаный": 1,
    "обивки": 1,
    "беж": 1,
    "делающего": 1,
    "невозможным": 1,
    "дальнейшее": 1,
    "использование": 1,
    "назначению": 1,
    "уплачивает": 1,
    "арендодателю": 1,
    "соответствующую": 1,
    "указанную": 3,
    "отношения": 3,
    "описанным": 1,
    "безвозмездным": 1,
    "пользованием": 1,
    "определяются": 1,
    "данной": 1,
    "описью": 2,
    "опись": 1,
    "составлена": 1,
    "загребин": 2,
    "радуга": 11,
    "ефимов": 1,
    "профкома": 4,
    "скворцова": 1,
    "красногорск": 1,
    "коллективного": 2,
    "коллективный": 2,
    "году": 3,
    "работодателем": 2,
    "ефимова": 1,
    "работниками": 2,
    "скворцовой": 1,
    "правовым": 1,
    "регулирующим": 1,
    "социальнотрудовые": 1,
    "иными": 3,
    "законодательными": 1,
    "нормативными": 2,
    "правовыми": 2,
    "актами": 2,
    "цели": 1,
    "определение": 1,
    "обязательств": 1,
    "работодателя": 2,
    "касающихся": 1,
    "социальнотрудовых": 1,
    "профессиональных": 3,
    "интересов": 1,
    "установление": 1,
    "дополнительных": 1,
    "социальноэкономических": 1,
    "правовых": 1,
    "гарантий": 1,
    "льгот": 1,
    "преимуществ": 1,
    "благоприятных": 1,
    "условий": 2,
    "сравнению": 1,
    "установленными": 1,
    "законами": 2,
    "подписан": 3,
    "зарегистрирован": 1,
    "центре": 1,
    "занятости": 3,
    "населения": 1,
    "замечаний": 1,
    "экспертизы": 1,
    "центра": 1,
    "внутреннего": 1,
    "распорядка": 1,
    "пвтр": 2,
    "согласованы": 2,
    "председателем": 1,
    "работники": 4,
    "ознакомлены": 4,
    "положение": 1,
    "оплате": 2,
    "протоколы": 1,
    "балансовых": 1,
    "комиссий": 1,
    "утверждены": 1,
    "профкомом": 3,
    "раздел": 5,
    "рабочее": 1,
    "отдыха": 2,
    "заключались": 1,
    "письменной": 1,
    "форме": 1,
    "каждый": 2,
    "подписывался": 1,
    "заключенные": 1,
    "регистрируются": 1,
    "книге": 1,
    "прописаны": 2,
    "существенные": 1,
    "условия": 4,
    "должностного": 1,
    "оклада": 2,
    "режим": 1,
    "времени": 2,
    "компенсации": 1,
    "вредность": 2,
    "соглашения": 1,
    "вторые": 1,
    "экземпляры": 1,
    "договоров": 1,
    "выданы": 1,
    "работникам": 1,
    "срочный": 1,
    "должности": 1,
    "соответствуют": 1,
    "единому": 1,
    "тарифноквалификационному": 1,
    "справочнику": 1,
    "приказами": 1,
    "приеме": 1,
    "график": 1,
    "отпусков": 1,
    "согласован": 1,
    "работниковинвалидов": 1,
    "групп": 1,
    "охраны": 6,
    "составлены": 1,
    "графики": 1,
    "дежурства": 1,
    "согласованные": 1,
    "ними": 1,
    "привлечение": 1,
    "выходные": 1,
    "нерабочие": 1,
    "праздничные": 1,
    "дни": 1,
    "производилось": 2,
    "оплата": 2,
    "отпуска": 4,
    "производится": 4,
    "работающих": 1,
    "неполную": 1,
    "ставку": 1,
    "должностными": 1,
    "инструкциями": 1,
    "получающих": 1,
    "нормы": 1,
    "установлены": 1,
    "выплаты": 2,
    "заработной": 4,
    "платы": 4,
    "числа": 2,
    "аванса": 1,
    "соблюдены": 1,
    "задержек": 1,
    "ночное": 1,
    "сотрудникам": 4,
    "доплата": 2,
    "размере": 2,
    "гарантии": 3,
    "содействия": 1,
    "прекращение": 1,
    "статье": 2,
    "основаниям": 1,
    "предусмотренным": 1,
    "федеральными": 1,
    "расторжения": 1,
    "администрацией": 1,
    "собственному": 1,
    "желанию": 1,
    "отчетный": 2,
    "сокращение": 1,
    "предоставляются": 2,
    "оплачиваемые": 1,
    "учебные": 1,
    "охрана": 1,
    "одним": 1,
    "направлений": 1,
    "реализации": 1,
    "здоровые": 1,
    "безопасные": 1,
    "внедрение": 1,
    "современных": 1,
    "предупреждающих": 1,
    "производственный": 1,
    "травматизм": 1,
    "возникновение": 1,
    "заболеваний": 2,
    "полном": 3,
    "статьей": 1,
    "ежегодно": 1,
    "заключается": 1,
    "определением": 1,
    "организационных": 1,
    "технических": 1,
    "мероприятий": 3,
    "сроков": 1,
    "ответственных": 1,
    "систематически": 1,
    "проводятся": 1,
    "профилактические": 1,
    "осмотры": 1,
    "диспансеризация": 1,
    "плановые": 1,
    "прививки": 1,
    "вакцинация": 1,
    "витаминизация": 1,
    "консультативная": 1,
    "профилактике": 1,
    "различных": 1,
    "проводится": 2,
    "аттестация": 1,
    "аттестовано": 1,
    "неаттестованных": 1,
    "протоколу": 1,
    "аттестации": 2,
    "вредные": 1,
    "получают": 1,
    "доплату": 1,
    "вредных": 1,
    "факторов": 1,
    "выявленных": 1,
    "ежемесячное": 1,
    "комплексное": 1,
    "обслуживание": 2,
    "технологического": 1,
    "ежеквартальные": 1,
    "тренировки": 1,
    "технологическое": 1,
    "апс": 1,
    "ламп": 1,
    "лб": 1,
    "улучшению": 1,
    "затрачено": 1,
    "социальные": 1,
    "льготы": 2,
    "коллективном": 1,
    "которые": 1,
    "объеме": 2,
    "проработавшим": 1,
    "календарного": 1,
    "листа": 1,
    "нетрудоспособности": 1,
    "сотрудник": 1,
    "предоставлен": 1,
    "дополнительный": 1,
    "оплачиваемый": 1,
    "отпуск": 1,
    "календарных": 1,
    "дней": 1,
    "молодых": 1,
    "специалистов": 2,
    "воспользовавшихся": 1,
    "правом": 1,
    "длительного": 1,
    "сроком": 1,
    "председателю": 1,
    "квартал": 1,
    "стимулирующего": 1,
    "премиального": 1,
    "обращения": 1,
    "комиссию": 1,
    "спорам": 1,
    "дисциплинарные": 1,
    "налагались": 1,
    "электрического": 1,
    "беладонна": 1,
    "шишкина": 1,
    "го": 1,
    "нф": 1,
    "гнутиков": 2,
    "обнаружении": 1,
    "счетной": 2,
    "ошибки": 3,
    "жолобовой": 1,
    "мариной": 1,
    "расчету": 2,
    "обнаружена": 1,
    "счетная": 1,
    "ошибка": 2,
    "выплате": 1,
    "пособия": 3,
    "уходу": 1,
    "ребенком": 1,
    "март": 3,
    "ильиной": 2,
    "прохоровой": 2,
    "нг": 7,
    "произошла": 1,
    "изза": 2,
    "сбоя": 1,
    "бухгалтерской": 1,
    "программы": 1,
    "пособие": 2,
    "выплачено": 1,
    "большей": 1,
    "излишне": 3,
    "выплаченное": 1,
    "выплаченного": 2,
    "бухгалтеракассира": 1,
    "романовой": 3,
    "персоналу": 2,
    "тимофеевой": 1,
    "обнаружения": 1,
    "исправления": 1,
    "допущенной": 1,
    "согласие": 1,
    "удержание": 1,
    "удержать": 1,
    "указанные": 1,
    "суммы": 1,
    "жолобова": 2,
    "бухгалтеркассир": 1,
    "тимофеева": 2,
    "поставки": 7,
    "согласования": 1,
    "характеристик": 1,
    "авто": 1,
    "игнатова": 1,
    "рв": 2,
    "ао": 2,
    "действующий": 3,
    "согласовали": 1,
    "поставляемого": 1,
    "peugeot": 1,
    "expert": 1,
    "profi": 1,
    "двигателя": 1,
    "коробки": 1,
    "передач": 1,
    "механическая": 1,
    "кузова": 1,
    "стандарт": 1,
    "кукушкин": 2,
    "сутягин": 2,
    "браке": 3,
    "филькин": 3,
    "мастертехнолог": 2,
    "зуев": 3,
    "теркина": 3,
    "непригодностью": 1,
    "дальнейшего": 2,
    "наимие": 1,
    "поступления": 2,
    "причина": 2,
    "списания": 4,
    "лазерный": 1,
    "принтер": 1,
    "неустранимый": 1,
    "брак": 1,
    "приведший": 1,
    "поломке": 1,
    "лицами": 1,
    "вине": 1,
    "исследованный": 1,
    "оказался": 1,
    "непригодным": 1,
    "использованию": 2,
    "признаны": 1,
    "проверивший": 1,
    "поступлении": 1,
    "взыскан": 2,
    "материальный": 1,
    "ущерб": 1,
    "виновных": 1,
    "списано": 1,
    "отчуждении": 2,
    "исключительного": 2,
    "исключительных": 3,
    "селекционное": 2,
    "достижение": 2,
    "нефтекамск": 1,
    "тарасов": 3,
    "правообладатель": 4,
    "агроном": 1,
    "приобретатель": 3,
    "алексеева": 1,
    "приобретателю": 1,
    "исключительные": 1,
    "сорт": 5,
    "моркови": 3,
    "аллигатор": 3,
    "передачей": 3,
    "патент": 1,
    "растения": 1,
    "приобретателя": 1,
    "правообладателю": 1,
    "передаваемым": 2,
    "исключительным": 1,
    "правам": 1,
    "подлинных": 2,
    "пс": 1,
    "муниципальное": 1,
    "бюджетное": 1,
    "общеобразовательное": 1,
    "учреждение": 1,
    "средняя": 1,
    "общеобразовательная": 1,
    "кирова": 1,
    "пр": 5,
    "утилизацию": 2,
    "утилизации": 9,
    "объекты": 2,
    "мебель": 2,
    "час": 1,
    "рупасова": 1,
    "ак": 4,
    "завхоз": 1,
    "стулья": 1,
    "школьные": 1,
    "физический": 3,
    "выдвижными": 1,
    "ящиками": 1,
    "шкаф": 1,
    "передана": 1,
    "детали": 1,
    "пригодные": 1,
    "обнаружены": 3,
    "компоненты": 1,
    "содержащие": 1,
    "драгметаллы": 1,
    "рупасов": 2,
    "пусконаладочных": 1,
    "орск": 1,
    "представителями": 1,
    "тм": 2,
    "пусконаладочной": 2,
    "шариков": 3,
    "мд": 2,
    "пусконаладочные": 3,
    "“": 1,
    "”": 1,
    "выполнено": 1,
    "налаживание": 1,
    "воздухозаборной": 1,
    "системы": 2,
    "гпа": 1,
    "мит": 1,
    "урал": 1,
    "соблюдением": 1,
    "инструкций": 1,
    "норм": 1,
    "такого": 1,
    "типа": 1,
    "см": 1,
    "приложениес": 1,
    "считаются": 1,
    "прошедшую": 1,
    "готовой": 1,
    "предъявления": 1,
    "приемочной": 1,
    "прилагаются": 1,
    "запуску": 1,
    "водозаборной": 1,
    "требований": 2,
    "норильск": 1,
    "производственном": 1,
    "цехе": 1,
    "игнатьевой": 1,
    "ирины": 1,
    "викторовны": 1,
    "булдакова": 1,
    "тимура": 1,
    "резчик": 4,
    "металлу": 5,
    "рустам": 1,
    "ибрагимович": 1,
    "приступил": 1,
    "спецодежды": 5,
    "предоставил": 2,
    "виновные": 1,
    "сергеева": 2,
    "локальнонормативных": 1,
    "актов": 1,
    "устанавливающих": 1,
    "могли": 1,
    "привести": 1,
    "тяжким": 1,
    "последствиям": 1,
    "причинению": 1,
    "вреда": 1,
    "здоровью": 1,
    "применению": 1,
    "игнатьева": 2,
    "ив": 1,
    "булдаков": 2,
    "тф": 1,
    "производственного": 1,
    "гусева": 1,
    "резчика": 1,
    "приемкипередачи": 1,
    "дарения": 5,
    "торговая": 4,
    "фирма": 4,
    "гермес": 4,
    "являющийся": 1,
    "безвозмездно": 2,
    "приняло": 1,
    "краткая": 1,
    "характеристика": 2,
    "металл": 1,
    "листовой": 1,
    "алюминиевый": 1,
    "цех": 2,
    "механообработки": 2,
    "составления": 1,
    "саранск": 2,
    "контроля": 2,
    "технолога": 1,
    "огт": 1,
    "дерябина": 1,
    "гн": 2,
    "мастера": 1,
    "самсоновой": 1,
    "номенклатурный": 1,
    "ед": 2,
    "изм": 1,
    "брака": 1,
    "вал": 1,
    "оборудование": 3,
    "вышло": 1,
    "строя": 1,
    "отключения": 1,
    "фактической": 2,
    "себестоимости": 3,
    "первый": 1,
    "экземпляр": 2,
    "направляется": 1,
    "бухгалтерию": 1,
    "потерь": 1,
    "второй": 2,
    "остается": 1,
    "подразделении": 1,
    "третий": 2,
    "предупреждены": 1,
    "подписание": 1,
    "содержащего": 1,
    "соответствующие": 1,
    "действительности": 1,
    "дерябин": 2,
    "самсонова": 2,
    "ом": 1,
    "бракованного": 1,
    "отнести": 1,
    "гказань": 1,
    "тесла": 1,
    "спутник": 1,
    "решетникова": 1,
    "технически": 1,
    "исправный": 1,
    "lada": 1,
    "granta": 1,
    "vin": 1,
    "mkpoe": 1,
    "двигатель": 1,
    "синий": 1,
    "идентификационные": 1,
    "сверены": 1,
    "комплектность": 1,
    "проверена": 1,
    "купляпродажа": 2,
    "осуществлена": 2,
    "строго": 2,
    "упомянутого": 4,
    "деньги": 2,
    "внесены": 2,
    "кассу": 2,
    "полностью": 2,
    "заключении": 2,
    "имущественных": 2,
    "решетников": 2,
    "собственность": 2,
    "михаил": 1,
    "даритель": 4,
    "физическое": 1,
    "одаряемый": 4,
    "дар": 1,
    "рено": 1,
    "логан": 1,
    "регномер": 1,
    "вмп": 1,
    "птс": 2,
    "ке": 2,
    "дара": 2,
    "вышеуказанному": 1,
    "дарителем": 1,
    "одаряемым": 1,
    "одаряемого": 1,
    "дарителю": 1,
    "смирнов": 2,
    "сп": 1,
    "вера": 1,
    "учреждения": 1,
    "потапов": 1,
    "росписи": 3,
    "механик": 1,
    "делопроизводитель": 1,
    "симонов": 1,
    "власова": 1,
    "ио": 1,
    "столярный": 1,
    "измер": 1,
    "станок": 1,
    "фрезерный": 1,
    "tf": 1,
    "nova": 1,
    "стальная": 1,
    "фабрики": 1,
    "славянка": 1,
    "главное": 1,
    "мчс": 2,
    "удмуртской": 1,
    "республике": 1,
    "управления": 1,
    "ур": 1,
    "соболев": 2,
    "удостоверений": 2,
    "миронова": 6,
    "кт": 3,
    "сухорукова": 6,
    "уткина": 8,
    "зд": 4,
    "служебные": 2,
    "удостоверения": 4,
    "макаров": 1,
    "подлежат": 2,
    "уничтожением": 1,
    "сверили": 1,
    "уничтожили": 1,
    "сжигания": 1,
    "отметки": 1,
    "журнале": 1,
    "переработки": 5,
    "город": 1,
    "новороссийск": 1,
    "рассвет": 1,
    "закат": 1,
    "указанном": 3,
    "име": 1,
    "ние": 1,
    "материала": 5,
    "мер": 1,
    "мар": 1,
    "давальцем": 1,
    "переработчиком": 4,
    "пригодного": 1,
    "принятых": 1,
    "кирпич": 1,
    "подписывая": 1,
    "получение": 1,
    "столбце": 3,
    "целей": 1,
    "давалец": 1,
    "переработчик": 1,
    "далин": 1,
    "рабин": 1,
    "кк": 1,
    "службы": 1,
    "сервиса": 1,
    "оборудремонт": 2,
    "кулигин": 1,
    "дефектных": 1,
    "изделий": 2,
    "лепешкин": 3,
    "турова": 3,
    "утилизация": 2,
    "серийный": 1,
    "дефект": 1,
    "холодильник": 1,
    "snaig": 1,
    "rf": 1,
    "a": 8,
    "уплотнители": 1,
    "модуль": 1,
    "компрессор": 1,
    "невозможен": 1,
    "проведенной": 1,
    "изделие": 1,
    "комплектующие": 1,
    "разрушены": 1,
    "восстановлению": 1,
    "гарантийного": 1,
    "талона": 1,
    "наклейкой": 1,
    "заводского": 1,
    "представительство": 1,
    "владельцу": 1,
    "торговую": 1,
    "организацию": 1,
    "поступило": 1,
    "долевого": 7,
    "участия": 2,
    "строительстве": 2,
    "ду": 2,
    "недостатках": 1,
    "застройщик": 4,
    "удостоверенной": 1,
    "нотариусом": 1,
    "демидовой": 1,
    "львовной": 1,
    "спарта": 1,
    "дольщик": 2,
    "олега": 1,
    "дольщику": 2,
    "пушкинская": 1,
    "секции": 1,
    "предоставлением": 1,
    "недостаток": 1,
    "укомплектованы": 1,
    "пожарные": 1,
    "щитки": 1,
    "гидранты": 1,
    "провести": 3,
    "комплектацию": 1,
    "пожарных": 1,
    "щитков": 1,
    "недели": 3,
    "заземление": 1,
    "монтаж": 2,
    "заземляющих": 1,
    "стояки": 1,
    "закрыты": 1,
    "теплоизоляционным": 1,
    "материалом": 1,
    "теплоизоляции": 1,
    "дольщика": 1,
    "застройщику": 1,
    "планпроект": 1,
    "регламент": 1,
    "сооружений": 1,
    "индивидуального": 3,
    "банковского": 3,
    "сейфа": 5,
    "екббанк": 1,
    "банк": 2,
    "воробьева": 1,
    "клиент": 3,
    "индивидуальный": 1,
    "банковский": 1,
    "сейф": 3,
    "ключ": 3,
    "условиями": 1,
    "сейфовый": 1,
    "замок": 1,
    "находятся": 1,
    "исправном": 1,
    "клиентом": 1,
    "получен": 1,
    "воробьев": 2,
    "клиента": 1,
    "подряда": 2,
    "елабуга": 1,
    "пошив": 2,
    "добрый": 1,
    "врач": 1,
    "шьем": 1,
    "всем": 2,
    "исполнителю": 1,
    "задания": 1,
    "фурнитуры": 1,
    "аксессуаров": 1,
    "ткань": 3,
    "тиси": 3,
    "белая": 1,
    "премиум": 1,
    "синяя": 1,
    "салат": 1,
    "пуговицы": 1,
    "белые": 1,
    "пластик": 1,
    "предоставляемых": 1,
    "нить": 1,
    "пошива": 1,
    "использовать": 1,
    "собственную": 1,
    "техническое": 1,
    "задание": 1,
    "эскизы": 1,
    "материалам": 1,
    "пи": 1,
    "ес": 2,
    "именуемыйая": 2,
    "светлова": 1,
    "действующийая": 2,
    "журавлева": 1,
    "дмитрия": 1,
    "передается": 2,
    "квартира": 3,
    "двухкомнатная": 1,
    "этажного": 1,
    "регистрационный": 1,
    "внешний": 1,
    "пол": 1,
    "потолок": 1,
    "видимых": 1,
    "пвх": 1,
    "механизмами": 1,
    "двери": 1,
    "хорошем": 1,
    "электрические": 1,
    "лампы": 1,
    "розетки": 1,
    "выключатели": 1,
    "коммуникаций": 1,
    "электрическая": 1,
    "проводка": 1,
    "отопительная": 1,
    "система": 1,
    "надлежащем": 1,
    "недостатками": 1,
    "оговоренными": 1,
    "перечне": 1,
    "дефектов": 1,
    "являющемся": 1,
    "приложением": 1,
    "печати": 1,
    "светлов": 2,
    "журавлев": 2,
    "предоставлении": 3,
    "аутстаффинга": 3,
    "предоставление": 1,
    "степанова": 1,
    "виктора": 1,
    "распоряжение": 1,
    "профессия": 1,
    "татьяна": 1,
    "павловна": 1,
    "озеленитель": 4,
    "синицын": 1,
    "анатольевич": 1,
    "александров": 1,
    "вр": 1,
    "допуска": 2,
    "прибора": 5,
    "электрической": 6,
    "энергии": 7,
    "сетвые": 1,
    "сети": 1,
    "сетевой": 3,
    "ведущий": 1,
    "потребителя": 2,
    "электроприборы": 1,
    "субъекта": 2,
    "розничного": 2,
    "рынка": 2,
    "которым": 2,
    "заявителя": 2,
    "предполагается": 2,
    "энергоснабжения": 3,
    "мощности": 3,
    "поликарп": 1,
    "антонович": 1,
    "наличии": 4,
    "сведения": 2,
    "точке": 1,
    "питания": 1,
    "уровень": 1,
    "напряжения": 2,
    "фидер": 2,
    "ктп": 1,
    "опора": 1,
    "коммутационный": 1,
    "аппарат": 1,
    "номинальный": 2,
    "ток": 2,
    "принадлежность": 2,
    "номинальное": 1,
    "напряжение": 2,
    "b": 5,
    "разрядность": 2,
    "запятой": 2,
    "поверки": 9,
    "следующей": 4,
    "активная": 2,
    "реактивная": 2,
    "прием": 2,
    "отдача": 2,
    "тариф": 2,
    "измерительных": 3,
    "трансформаторов": 2,
    "тока": 3,
    "фазам": 1,
    "фаза": 9,
    "коэффициент": 2,
    "трансформации": 2,
    "информация": 1,
    "знаках": 1,
    "визуального": 1,
    "пломбах": 1,
    "пломбы": 2,
    "установившей": 1,
    "пломбу": 1,
    "оборудовании": 1,
    "дистанционного": 1,
    "сбора": 2,
    "коммуникационное": 1,
    "прочее": 3,
    "указать": 2,
    "сила": 2,
    "первичной": 1,
    "цепи": 1,
    "цепях": 1,
    "фазное": 1,
    "угол": 1,
    "фазового": 1,
    "сдвига": 1,
    "град": 1,
    "использованного": 1,
    "допуске": 1,
    "недопуске": 1,
    "недопуска": 1,
    "маргин": 1,
    "потребитель": 1,
    "чеховской": 1,
    "отсутствии": 1,
    "почтовом": 2,
    "отправлении": 1,
    "тула": 2,
    "ч": 1,
    "отделении": 1,
    "расположено": 1,
    "лесная": 1,
    "мной": 1,
    "екатериной": 1,
    "сергеевной": 1,
    "получено": 1,
    "отправление": 1,
    "пакете": 1,
    "находиться": 1,
    "конверт": 1,
    "вскрыт": 1,
    "содержал": 1,
    "вложение": 1,
    "ценное": 1,
    "письмо": 1,
    "прилагаемой": 1,
    "почтового": 2,
    "отделения": 2,
    "николаевой": 1,
    "отправителя": 1,
    "получателя": 1
}